﻿Designator,Quantity,Value,Footprint,Package,MPN,DNP,Mount_Type,Description
A1,1,Arduino_Nano_v3.x,Arduino_Nano,,,,tht,Arduino Nano v3.x
J1,1,Conn_01x03_Socket,PinSocket_1x03_P2.54mm_Vertical,,,,tht,"Generic connector, single row, 01x03, script generated"
J2,1,Barrel_Jack_Switch,BarrelJack_Horizontal,,,,tht,DC Barrel Jack with an internal switch
J3,1,Conn_02x04_Odd_Even,PinSocket_2x04_P2.54mm_Vertical,,,,tht,"Generic connector, double row, 02x04, odd/even pin numbering scheme (row 1 odd numbers, row 2 even numbers), script generated (kicad-library-utils/schlib/autogen/connector/)"
